id,kode_provinsi,nama_provinsi,kode_kabupaten_kota,nama_kabupaten_kota,jenis_kelamin,pengeluaran_per_kapita,satuan,tahun
1,32,JAWA BARAT,3201,KABUPATEN BOGOR,LAKI-LAKI,14428,RIBU RUPIAH,2018
2,32,JAWA BARAT,3201,KABUPATEN BOGOR,PEREMPUAN,8305,RIBU RUPIAH,2018
3,32,JAWA BARAT,3202,KABUPATEN SUKABUMI,LAKI-LAKI,12794,RIBU RUPIAH,2018
4,32,JAWA BARAT,3202,KABUPATEN SUKABUMI,PEREMPUAN,6457,RIBU RUPIAH,2018
5,32,JAWA BARAT,3203,KABUPATEN CIANJUR,LAKI-LAKI,11487,RIBU RUPIAH,2018
6,32,JAWA BARAT,3203,KABUPATEN CIANJUR,PEREMPUAN,4842,RIBU RUPIAH,2018
7,32,JAWA BARAT,3204,KABUPATEN BANDUNG,LAKI-LAKI,13819,RIBU RUPIAH,2018
8,32,JAWA BARAT,3204,KABUPATEN BANDUNG,PEREMPUAN,9006,RIBU RUPIAH,2018
9,32,JAWA BARAT,3205,KABUPATEN GARUT,LAKI-LAKI,10782,RIBU RUPIAH,2018
10,32,JAWA BARAT,3205,KABUPATEN GARUT,PEREMPUAN,4248,RIBU RUPIAH,2018
11,32,JAWA BARAT,3206,KABUPATEN TASIKMALAYA,LAKI-LAKI,11565,RIBU RUPIAH,2018
12,32,JAWA BARAT,3206,KABUPATEN TASIKMALAYA,PEREMPUAN,5227,RIBU RUPIAH,2018
13,32,JAWA BARAT,3207,KABUPATEN CIAMIS,LAKI-LAKI,13972,RIBU RUPIAH,2018
14,32,JAWA BARAT,3207,KABUPATEN CIAMIS,PEREMPUAN,6329,RIBU RUPIAH,2018
15,32,JAWA BARAT,3208,KABUPATEN KUNINGAN,LAKI-LAKI,13789,RIBU RUPIAH,2018
16,32,JAWA BARAT,3208,KABUPATEN KUNINGAN,PEREMPUAN,6543,RIBU RUPIAH,2018
17,32,JAWA BARAT,3209,KABUPATEN CIREBON,LAKI-LAKI,15609,RIBU RUPIAH,2018
18,32,JAWA BARAT,3209,KABUPATEN CIREBON,PEREMPUAN,5261,RIBU RUPIAH,2018
19,32,JAWA BARAT,3210,KABUPATEN MAJALENGKA,LAKI-LAKI,13811,RIBU RUPIAH,2018
20,32,JAWA BARAT,3210,KABUPATEN MAJALENGKA,PEREMPUAN,6278,RIBU RUPIAH,2018
21,32,JAWA BARAT,3211,KABUPATEN SUMEDANG,LAKI-LAKI,13406,RIBU RUPIAH,2018
22,32,JAWA BARAT,3211,KABUPATEN SUMEDANG,PEREMPUAN,9694,RIBU RUPIAH,2018
23,32,JAWA BARAT,3212,KABUPATEN INDRAMAYU,LAKI-LAKI,14349,RIBU RUPIAH,2018
24,32,JAWA BARAT,3212,KABUPATEN INDRAMAYU,PEREMPUAN,7035,RIBU RUPIAH,2018
25,32,JAWA BARAT,3213,KABUPATEN SUBANG,LAKI-LAKI,14818,RIBU RUPIAH,2018
26,32,JAWA BARAT,3213,KABUPATEN SUBANG,PEREMPUAN,8457,RIBU RUPIAH,2018
27,32,JAWA BARAT,3214,KABUPATEN PURWAKARTA,LAKI-LAKI,17223,RIBU RUPIAH,2018
28,32,JAWA BARAT,3214,KABUPATEN PURWAKARTA,PEREMPUAN,7427,RIBU RUPIAH,2018
29,32,JAWA BARAT,3215,KABUPATEN KARAWANG,LAKI-LAKI,15279,RIBU RUPIAH,2018
30,32,JAWA BARAT,3215,KABUPATEN KARAWANG,PEREMPUAN,8987,RIBU RUPIAH,2018
31,32,JAWA BARAT,3216,KABUPATEN BEKASI,LAKI-LAKI,16827,RIBU RUPIAH,2018
32,32,JAWA BARAT,3216,KABUPATEN BEKASI,PEREMPUAN,8166,RIBU RUPIAH,2018
33,32,JAWA BARAT,3217,KABUPATEN BANDUNG BARAT,LAKI-LAKI,12679,RIBU RUPIAH,2018
34,32,JAWA BARAT,3217,KABUPATEN BANDUNG BARAT,PEREMPUAN,3854,RIBU RUPIAH,2018
35,32,JAWA BARAT,3218,KABUPATEN PANGANDARAN,LAKI-LAKI,12987,RIBU RUPIAH,2018
36,32,JAWA BARAT,3218,KABUPATEN PANGANDARAN,PEREMPUAN,6947,RIBU RUPIAH,2018
37,32,JAWA BARAT,3271,KOTA BOGOR,LAKI-LAKI,16993,RIBU RUPIAH,2018
38,32,JAWA BARAT,3271,KOTA BOGOR,PEREMPUAN,9371,RIBU RUPIAH,2018
39,32,JAWA BARAT,3272,KOTA SUKABUMI,LAKI-LAKI,14733,RIBU RUPIAH,2018
40,32,JAWA BARAT,3272,KOTA SUKABUMI,PEREMPUAN,9876,RIBU RUPIAH,2018
41,32,JAWA BARAT,3273,KOTA BANDUNG,LAKI-LAKI,22072,RIBU RUPIAH,2018
42,32,JAWA BARAT,3273,KOTA BANDUNG,PEREMPUAN,15833,RIBU RUPIAH,2018
43,32,JAWA BARAT,3274,KOTA CIREBON,LAKI-LAKI,15484,RIBU RUPIAH,2018
44,32,JAWA BARAT,3274,KOTA CIREBON,PEREMPUAN,10933,RIBU RUPIAH,2018
45,32,JAWA BARAT,3275,KOTA BEKASI,LAKI-LAKI,21458,RIBU RUPIAH,2018
46,32,JAWA BARAT,3275,KOTA BEKASI,PEREMPUAN,14785,RIBU RUPIAH,2018
47,32,JAWA BARAT,3276,KOTA DEPOK,LAKI-LAKI,21846,RIBU RUPIAH,2018
48,32,JAWA BARAT,3276,KOTA DEPOK,PEREMPUAN,13912,RIBU RUPIAH,2018
49,32,JAWA BARAT,3277,KOTA CIMAHI,LAKI-LAKI,16288,RIBU RUPIAH,2018
50,32,JAWA BARAT,3277,KOTA CIMAHI,PEREMPUAN,10333,RIBU RUPIAH,2018
51,32,JAWA BARAT,3278,KOTA TASIKMALAYA,LAKI-LAKI,12973,RIBU RUPIAH,2018
52,32,JAWA BARAT,3278,KOTA TASIKMALAYA,PEREMPUAN,7609,RIBU RUPIAH,2018
53,32,JAWA BARAT,3279,KOTA BANJAR,LAKI-LAKI,15646,RIBU RUPIAH,2018
54,32,JAWA BARAT,3279,KOTA BANJAR,PEREMPUAN,7182,RIBU RUPIAH,2018
55,32,JAWA BARAT,3201,KABUPATEN BOGOR,LAKI-LAKI,14793,RIBU RUPIAH,2019
56,32,JAWA BARAT,3201,KABUPATEN BOGOR,PEREMPUAN,8547,RIBU RUPIAH,2019
57,32,JAWA BARAT,3202,KABUPATEN SUKABUMI,LAKI-LAKI,13254,RIBU RUPIAH,2019
58,32,JAWA BARAT,3202,KABUPATEN SUKABUMI,PEREMPUAN,6744,RIBU RUPIAH,2019
59,32,JAWA BARAT,3203,KABUPATEN CIANJUR,LAKI-LAKI,11898,RIBU RUPIAH,2019
60,32,JAWA BARAT,3203,KABUPATEN CIANJUR,PEREMPUAN,5061,RIBU RUPIAH,2019
61,32,JAWA BARAT,3204,KABUPATEN BANDUNG,LAKI-LAKI,14216,RIBU RUPIAH,2019
62,32,JAWA BARAT,3204,KABUPATEN BANDUNG,PEREMPUAN,9224,RIBU RUPIAH,2019
63,32,JAWA BARAT,3205,KABUPATEN GARUT,LAKI-LAKI,11269,RIBU RUPIAH,2019
64,32,JAWA BARAT,3205,KABUPATEN GARUT,PEREMPUAN,4459,RIBU RUPIAH,2019
65,32,JAWA BARAT,3206,KABUPATEN TASIKMALAYA,LAKI-LAKI,12024,RIBU RUPIAH,2019
66,32,JAWA BARAT,3206,KABUPATEN TASIKMALAYA,PEREMPUAN,5462,RIBU RUPIAH,2019
67,32,JAWA BARAT,3207,KABUPATEN CIAMIS,LAKI-LAKI,14535,RIBU RUPIAH,2019
68,32,JAWA BARAT,3207,KABUPATEN CIAMIS,PEREMPUAN,6538,RIBU RUPIAH,2019
69,32,JAWA BARAT,3208,KABUPATEN KUNINGAN,LAKI-LAKI,14343,RIBU RUPIAH,2019
70,32,JAWA BARAT,3208,KABUPATEN KUNINGAN,PEREMPUAN,6851,RIBU RUPIAH,2019
71,32,JAWA BARAT,3209,KABUPATEN CIREBON,LAKI-LAKI,16109,RIBU RUPIAH,2019
72,32,JAWA BARAT,3209,KABUPATEN CIREBON,PEREMPUAN,5376,RIBU RUPIAH,2019
73,32,JAWA BARAT,3210,KABUPATEN MAJALENGKA,LAKI-LAKI,14349,RIBU RUPIAH,2019
74,32,JAWA BARAT,3210,KABUPATEN MAJALENGKA,PEREMPUAN,6467,RIBU RUPIAH,2019
75,32,JAWA BARAT,3211,KABUPATEN SUMEDANG,LAKI-LAKI,13828,RIBU RUPIAH,2019
76,32,JAWA BARAT,3211,KABUPATEN SUMEDANG,PEREMPUAN,9916,RIBU RUPIAH,2019
77,32,JAWA BARAT,3212,KABUPATEN INDRAMAYU,LAKI-LAKI,14948,RIBU RUPIAH,2019
78,32,JAWA BARAT,3212,KABUPATEN INDRAMAYU,PEREMPUAN,7439,RIBU RUPIAH,2019
79,32,JAWA BARAT,3213,KABUPATEN SUBANG,LAKI-LAKI,15157,RIBU RUPIAH,2019
80,32,JAWA BARAT,3213,KABUPATEN SUBANG,PEREMPUAN,8681,RIBU RUPIAH,2019
81,32,JAWA BARAT,3214,KABUPATEN PURWAKARTA,LAKI-LAKI,18016,RIBU RUPIAH,2019
82,32,JAWA BARAT,3214,KABUPATEN PURWAKARTA,PEREMPUAN,7601,RIBU RUPIAH,2019
83,32,JAWA BARAT,3215,KABUPATEN KARAWANG,LAKI-LAKI,15634,RIBU RUPIAH,2019
84,32,JAWA BARAT,3215,KABUPATEN KARAWANG,PEREMPUAN,9225,RIBU RUPIAH,2019
85,32,JAWA BARAT,3216,KABUPATEN BEKASI,LAKI-LAKI,17580,RIBU RUPIAH,2019
86,32,JAWA BARAT,3216,KABUPATEN BEKASI,PEREMPUAN,8601,RIBU RUPIAH,2019
87,32,JAWA BARAT,3217,KABUPATEN BANDUNG BARAT,LAKI-LAKI,13213,RIBU RUPIAH,2019
88,32,JAWA BARAT,3217,KABUPATEN BANDUNG BARAT,PEREMPUAN,4001,RIBU RUPIAH,2019
89,32,JAWA BARAT,3218,KABUPATEN PANGANDARAN,LAKI-LAKI,13586,RIBU RUPIAH,2019
90,32,JAWA BARAT,3218,KABUPATEN PANGANDARAN,PEREMPUAN,7250,RIBU RUPIAH,2019
91,32,JAWA BARAT,3271,KOTA BOGOR,LAKI-LAKI,17617,RIBU RUPIAH,2019
92,32,JAWA BARAT,3271,KOTA BOGOR,PEREMPUAN,9771,RIBU RUPIAH,2019
93,32,JAWA BARAT,3272,KOTA SUKABUMI,LAKI-LAKI,15557,RIBU RUPIAH,2019
94,32,JAWA BARAT,3272,KOTA SUKABUMI,PEREMPUAN,10400,RIBU RUPIAH,2019
95,32,JAWA BARAT,3273,KOTA BANDUNG,LAKI-LAKI,22996,RIBU RUPIAH,2019
96,32,JAWA BARAT,3273,KOTA BANDUNG,PEREMPUAN,16390,RIBU RUPIAH,2019
97,32,JAWA BARAT,3274,KOTA CIREBON,LAKI-LAKI,16149,RIBU RUPIAH,2019
98,32,JAWA BARAT,3274,KOTA CIREBON,PEREMPUAN,11447,RIBU RUPIAH,2019
99,32,JAWA BARAT,3275,KOTA BEKASI,LAKI-LAKI,22131,RIBU RUPIAH,2019
100,32,JAWA BARAT,3275,KOTA BEKASI,PEREMPUAN,15165,RIBU RUPIAH,2019
101,32,JAWA BARAT,3276,KOTA DEPOK,LAKI-LAKI,22370,RIBU RUPIAH,2019
102,32,JAWA BARAT,3276,KOTA DEPOK,PEREMPUAN,14310,RIBU RUPIAH,2019
103,32,JAWA BARAT,3277,KOTA CIMAHI,LAKI-LAKI,16876,RIBU RUPIAH,2019
104,32,JAWA BARAT,3277,KOTA CIMAHI,PEREMPUAN,10793,RIBU RUPIAH,2019
105,32,JAWA BARAT,3278,KOTA TASIKMALAYA,LAKI-LAKI,13637,RIBU RUPIAH,2019
106,32,JAWA BARAT,3278,KOTA TASIKMALAYA,PEREMPUAN,7995,RIBU RUPIAH,2019
107,32,JAWA BARAT,3279,KOTA BANJAR,LAKI-LAKI,16049,RIBU RUPIAH,2019
108,32,JAWA BARAT,3279,KOTA BANJAR,PEREMPUAN,7412,RIBU RUPIAH,2019
109,32,JAWA BARAT,3201,KABUPATEN BOGOR,LAKI-LAKI,14686,RIBU RUPIAH,2020
110,32,JAWA BARAT,3201,KABUPATEN BOGOR,PEREMPUAN,8302,RIBU RUPIAH,2020
111,32,JAWA BARAT,3202,KABUPATEN SUKABUMI,LAKI-LAKI,12984,RIBU RUPIAH,2020
112,32,JAWA BARAT,3202,KABUPATEN SUKABUMI,PEREMPUAN,6672,RIBU RUPIAH,2020
113,32,JAWA BARAT,3203,KABUPATEN CIANJUR,LAKI-LAKI,11394,RIBU RUPIAH,2020
114,32,JAWA BARAT,3203,KABUPATEN CIANJUR,PEREMPUAN,4970,RIBU RUPIAH,2020
115,32,JAWA BARAT,3204,KABUPATEN BANDUNG,LAKI-LAKI,13750,RIBU RUPIAH,2020
116,32,JAWA BARAT,3204,KABUPATEN BANDUNG,PEREMPUAN,8929,RIBU RUPIAH,2020
117,32,JAWA BARAT,3205,KABUPATEN GARUT,LAKI-LAKI,11221,RIBU RUPIAH,2020
118,32,JAWA BARAT,3205,KABUPATEN GARUT,PEREMPUAN,4349,RIBU RUPIAH,2020
119,32,JAWA BARAT,3206,KABUPATEN TASIKMALAYA,LAKI-LAKI,11660,RIBU RUPIAH,2020
120,32,JAWA BARAT,3206,KABUPATEN TASIKMALAYA,PEREMPUAN,5302,RIBU RUPIAH,2020
121,32,JAWA BARAT,3207,KABUPATEN CIAMIS,LAKI-LAKI,14257,RIBU RUPIAH,2020
122,32,JAWA BARAT,3207,KABUPATEN CIAMIS,PEREMPUAN,6375,RIBU RUPIAH,2020
123,32,JAWA BARAT,3208,KABUPATEN KUNINGAN,LAKI-LAKI,13956,RIBU RUPIAH,2020
124,32,JAWA BARAT,3208,KABUPATEN KUNINGAN,PEREMPUAN,6690,RIBU RUPIAH,2020
125,32,JAWA BARAT,3209,KABUPATEN CIREBON,LAKI-LAKI,15594,RIBU RUPIAH,2020
126,32,JAWA BARAT,3209,KABUPATEN CIREBON,PEREMPUAN,5386,RIBU RUPIAH,2020
127,32,JAWA BARAT,3210,KABUPATEN MAJALENGKA,LAKI-LAKI,13860,RIBU RUPIAH,2020
128,32,JAWA BARAT,3210,KABUPATEN MAJALENGKA,PEREMPUAN,6209,RIBU RUPIAH,2020
129,32,JAWA BARAT,3211,KABUPATEN SUMEDANG,LAKI-LAKI,13507,RIBU RUPIAH,2020
130,32,JAWA BARAT,3211,KABUPATEN SUMEDANG,PEREMPUAN,9728,RIBU RUPIAH,2020
131,32,JAWA BARAT,3212,KABUPATEN INDRAMAYU,LAKI-LAKI,14536,RIBU RUPIAH,2020
132,32,JAWA BARAT,3212,KABUPATEN INDRAMAYU,PEREMPUAN,7259,RIBU RUPIAH,2020
133,32,JAWA BARAT,3213,KABUPATEN SUBANG,LAKI-LAKI,14801,RIBU RUPIAH,2020
134,32,JAWA BARAT,3213,KABUPATEN SUBANG,PEREMPUAN,8446,RIBU RUPIAH,2020
135,32,JAWA BARAT,3214,KABUPATEN PURWAKARTA,LAKI-LAKI,17652,RIBU RUPIAH,2020
136,32,JAWA BARAT,3214,KABUPATEN PURWAKARTA,PEREMPUAN,7528,RIBU RUPIAH,2020
137,32,JAWA BARAT,3215,KABUPATEN KARAWANG,LAKI-LAKI,15308,RIBU RUPIAH,2020
138,32,JAWA BARAT,3215,KABUPATEN KARAWANG,PEREMPUAN,9047,RIBU RUPIAH,2020
139,32,JAWA BARAT,3216,KABUPATEN BEKASI,LAKI-LAKI,16756,RIBU RUPIAH,2020
140,32,JAWA BARAT,3216,KABUPATEN BEKASI,PEREMPUAN,8316,RIBU RUPIAH,2020
141,32,JAWA BARAT,3217,KABUPATEN BANDUNG BARAT,LAKI-LAKI,12856,RIBU RUPIAH,2020
142,32,JAWA BARAT,3217,KABUPATEN BANDUNG BARAT,PEREMPUAN,3904,RIBU RUPIAH,2020
143,32,JAWA BARAT,3218,KABUPATEN PANGANDARAN,LAKI-LAKI,12838,RIBU RUPIAH,2020
144,32,JAWA BARAT,3218,KABUPATEN PANGANDARAN,PEREMPUAN,7134,RIBU RUPIAH,2020
145,32,JAWA BARAT,3271,KOTA BOGOR,LAKI-LAKI,17217,RIBU RUPIAH,2020
146,32,JAWA BARAT,3271,KOTA BOGOR,PEREMPUAN,9524,RIBU RUPIAH,2020
147,32,JAWA BARAT,3272,KOTA SUKABUMI,LAKI-LAKI,15261,RIBU RUPIAH,2020
148,32,JAWA BARAT,3272,KOTA SUKABUMI,PEREMPUAN,10199,RIBU RUPIAH,2020
149,32,JAWA BARAT,3273,KOTA BANDUNG,LAKI-LAKI,22490,RIBU RUPIAH,2020
150,32,JAWA BARAT,3273,KOTA BANDUNG,PEREMPUAN,16024,RIBU RUPIAH,2020
151,32,JAWA BARAT,3274,KOTA CIREBON,LAKI-LAKI,15469,RIBU RUPIAH,2020
152,32,JAWA BARAT,3274,KOTA CIREBON,PEREMPUAN,11370,RIBU RUPIAH,2020
153,32,JAWA BARAT,3275,KOTA BEKASI,LAKI-LAKI,21662,RIBU RUPIAH,2020
154,32,JAWA BARAT,3275,KOTA BEKASI,PEREMPUAN,14479,RIBU RUPIAH,2020
155,32,JAWA BARAT,3276,KOTA DEPOK,LAKI-LAKI,21943,RIBU RUPIAH,2020
156,32,JAWA BARAT,3276,KOTA DEPOK,PEREMPUAN,13916,RIBU RUPIAH,2020
157,32,JAWA BARAT,3277,KOTA CIMAHI,LAKI-LAKI,16551,RIBU RUPIAH,2020
158,32,JAWA BARAT,3277,KOTA CIMAHI,PEREMPUAN,10318,RIBU RUPIAH,2020
159,32,JAWA BARAT,3278,KOTA TASIKMALAYA,LAKI-LAKI,13440,RIBU RUPIAH,2020
160,32,JAWA BARAT,3278,KOTA TASIKMALAYA,PEREMPUAN,7933,RIBU RUPIAH,2020
161,32,JAWA BARAT,3279,KOTA BANJAR,LAKI-LAKI,15704,RIBU RUPIAH,2020
162,32,JAWA BARAT,3279,KOTA BANJAR,PEREMPUAN,7305,RIBU RUPIAH,2020
163,32,JAWA BARAT,3201,KABUPATEN BOGOR,LAKI-LAKI,14758,RIBU RUPIAH,2021
164,32,JAWA BARAT,3201,KABUPATEN BOGOR,PEREMPUAN,8395,RIBU RUPIAH,2021
165,32,JAWA BARAT,3202,KABUPATEN SUKABUMI,LAKI-LAKI,13007,RIBU RUPIAH,2021
166,32,JAWA BARAT,3202,KABUPATEN SUKABUMI,PEREMPUAN,6704,RIBU RUPIAH,2021
167,32,JAWA BARAT,3203,KABUPATEN CIANJUR,LAKI-LAKI,11457,RIBU RUPIAH,2021
168,32,JAWA BARAT,3203,KABUPATEN CIANJUR,PEREMPUAN,5042,RIBU RUPIAH,2021
169,32,JAWA BARAT,3204,KABUPATEN BANDUNG,LAKI-LAKI,13856,RIBU RUPIAH,2021
170,32,JAWA BARAT,3204,KABUPATEN BANDUNG,PEREMPUAN,9026,RIBU RUPIAH,2021
171,32,JAWA BARAT,3205,KABUPATEN GARUT,LAKI-LAKI,11308,RIBU RUPIAH,2021
172,32,JAWA BARAT,3205,KABUPATEN GARUT,PEREMPUAN,4404,RIBU RUPIAH,2021
173,32,JAWA BARAT,3206,KABUPATEN TASIKMALAYA,LAKI-LAKI,11657,RIBU RUPIAH,2021
174,32,JAWA BARAT,3206,KABUPATEN TASIKMALAYA,PEREMPUAN,5279,RIBU RUPIAH,2021
175,32,JAWA BARAT,3207,KABUPATEN CIAMIS,LAKI-LAKI,14223,RIBU RUPIAH,2021
176,32,JAWA BARAT,3207,KABUPATEN CIAMIS,PEREMPUAN,6370,RIBU RUPIAH,2021
177,32,JAWA BARAT,3208,KABUPATEN KUNINGAN,LAKI-LAKI,13923,RIBU RUPIAH,2021
178,32,JAWA BARAT,3208,KABUPATEN KUNINGAN,PEREMPUAN,6638,RIBU RUPIAH,2021
179,32,JAWA BARAT,3209,KABUPATEN CIREBON,LAKI-LAKI,15614,RIBU RUPIAH,2021
180,32,JAWA BARAT,3209,KABUPATEN CIREBON,PEREMPUAN,5444,RIBU RUPIAH,2021
181,32,JAWA BARAT,3210,KABUPATEN MAJALENGKA,LAKI-LAKI,13912,RIBU RUPIAH,2021
182,32,JAWA BARAT,3210,KABUPATEN MAJALENGKA,PEREMPUAN,6284,RIBU RUPIAH,2021
183,32,JAWA BARAT,3211,KABUPATEN SUMEDANG,LAKI-LAKI,13551,RIBU RUPIAH,2021
184,32,JAWA BARAT,3211,KABUPATEN SUMEDANG,PEREMPUAN,9781,RIBU RUPIAH,2021
185,32,JAWA BARAT,3212,KABUPATEN INDRAMAYU,LAKI-LAKI,14487,RIBU RUPIAH,2021
186,32,JAWA BARAT,3212,KABUPATEN INDRAMAYU,PEREMPUAN,7213,RIBU RUPIAH,2021
187,32,JAWA BARAT,3213,KABUPATEN SUBANG,LAKI-LAKI,14867,RIBU RUPIAH,2021
188,32,JAWA BARAT,3213,KABUPATEN SUBANG,PEREMPUAN,8500,RIBU RUPIAH,2021
189,32,JAWA BARAT,3214,KABUPATEN PURWAKARTA,LAKI-LAKI,17674,RIBU RUPIAH,2021
190,32,JAWA BARAT,3214,KABUPATEN PURWAKARTA,PEREMPUAN,7585,RIBU RUPIAH,2021
191,32,JAWA BARAT,3215,KABUPATEN KARAWANG,LAKI-LAKI,15510,RIBU RUPIAH,2021
192,32,JAWA BARAT,3215,KABUPATEN KARAWANG,PEREMPUAN,9255,RIBU RUPIAH,2021
193,32,JAWA BARAT,3216,KABUPATEN BEKASI,LAKI-LAKI,16854,RIBU RUPIAH,2021
194,32,JAWA BARAT,3216,KABUPATEN BEKASI,PEREMPUAN,8419,RIBU RUPIAH,2021
195,32,JAWA BARAT,3217,KABUPATEN BANDUNG BARAT,LAKI-LAKI,12976,RIBU RUPIAH,2021
196,32,JAWA BARAT,3217,KABUPATEN BANDUNG BARAT,PEREMPUAN,3935,RIBU RUPIAH,2021
197,32,JAWA BARAT,3218,KABUPATEN PANGANDARAN,LAKI-LAKI,12819,RIBU RUPIAH,2021
198,32,JAWA BARAT,3218,KABUPATEN PANGANDARAN,PEREMPUAN,7133,RIBU RUPIAH,2021
199,32,JAWA BARAT,3271,KOTA BOGOR,LAKI-LAKI,17389,RIBU RUPIAH,2021
200,32,JAWA BARAT,3271,KOTA BOGOR,PEREMPUAN,9637,RIBU RUPIAH,2021
201,32,JAWA BARAT,3272,KOTA SUKABUMI,LAKI-LAKI,15208,RIBU RUPIAH,2021
202,32,JAWA BARAT,3272,KOTA SUKABUMI,PEREMPUAN,10130,RIBU RUPIAH,2021
203,32,JAWA BARAT,3273,KOTA BANDUNG,LAKI-LAKI,22618,RIBU RUPIAH,2021
204,32,JAWA BARAT,3273,KOTA BANDUNG,PEREMPUAN,16110,RIBU RUPIAH,2021
205,32,JAWA BARAT,3274,KOTA CIREBON,LAKI-LAKI,15494,RIBU RUPIAH,2021
206,32,JAWA BARAT,3274,KOTA CIREBON,PEREMPUAN,11379,RIBU RUPIAH,2021
207,32,JAWA BARAT,3275,KOTA BEKASI,LAKI-LAKI,21880,RIBU RUPIAH,2021
208,32,JAWA BARAT,3275,KOTA BEKASI,PEREMPUAN,14580,RIBU RUPIAH,2021
209,32,JAWA BARAT,3276,KOTA DEPOK,LAKI-LAKI,22082,RIBU RUPIAH,2021
210,32,JAWA BARAT,3276,KOTA DEPOK,PEREMPUAN,14052,RIBU RUPIAH,2021
211,32,JAWA BARAT,3277,KOTA CIMAHI,LAKI-LAKI,16486,RIBU RUPIAH,2021
212,32,JAWA BARAT,3277,KOTA CIMAHI,PEREMPUAN,10316,RIBU RUPIAH,2021
213,32,JAWA BARAT,3278,KOTA TASIKMALAYA,LAKI-LAKI,13430,RIBU RUPIAH,2021
214,32,JAWA BARAT,3278,KOTA TASIKMALAYA,PEREMPUAN,7854,RIBU RUPIAH,2021
215,32,JAWA BARAT,3279,KOTA BANJAR,LAKI-LAKI,15578,RIBU RUPIAH,2021
216,32,JAWA BARAT,3279,KOTA BANJAR,PEREMPUAN,7295,RIBU RUPIAH,2021
217,32,JAWA BARAT,3201,KABUPATEN BOGOR,LAKI-LAKI,15407,RIBU RUPIAH,2022
218,32,JAWA BARAT,3201,KABUPATEN BOGOR,PEREMPUAN,8747,RIBU RUPIAH,2022
219,32,JAWA BARAT,3202,KABUPATEN SUKABUMI,LAKI-LAKI,13527,RIBU RUPIAH,2022
220,32,JAWA BARAT,3202,KABUPATEN SUKABUMI,PEREMPUAN,6967,RIBU RUPIAH,2022
221,32,JAWA BARAT,3203,KABUPATEN CIANJUR,LAKI-LAKI,11722,RIBU RUPIAH,2022
222,32,JAWA BARAT,3203,KABUPATEN CIANJUR,PEREMPUAN,5170,RIBU RUPIAH,2022
223,32,JAWA BARAT,3204,KABUPATEN BANDUNG,LAKI-LAKI,14223,RIBU RUPIAH,2022
224,32,JAWA BARAT,3204,KABUPATEN BANDUNG,PEREMPUAN,9261,RIBU RUPIAH,2022
225,32,JAWA BARAT,3205,KABUPATEN GARUT,LAKI-LAKI,11694,RIBU RUPIAH,2022
226,32,JAWA BARAT,3205,KABUPATEN GARUT,PEREMPUAN,4523,RIBU RUPIAH,2022
227,32,JAWA BARAT,3206,KABUPATEN TASIKMALAYA,LAKI-LAKI,12167,RIBU RUPIAH,2022
228,32,JAWA BARAT,3206,KABUPATEN TASIKMALAYA,PEREMPUAN,5505,RIBU RUPIAH,2022
229,32,JAWA BARAT,3207,KABUPATEN CIAMIS,LAKI-LAKI,14473,RIBU RUPIAH,2022
230,32,JAWA BARAT,3207,KABUPATEN CIAMIS,PEREMPUAN,6477,RIBU RUPIAH,2022
231,32,JAWA BARAT,3208,KABUPATEN KUNINGAN,LAKI-LAKI,14226,RIBU RUPIAH,2022
232,32,JAWA BARAT,3208,KABUPATEN KUNINGAN,PEREMPUAN,6777,RIBU RUPIAH,2022
233,32,JAWA BARAT,3209,KABUPATEN CIREBON,LAKI-LAKI,16240,RIBU RUPIAH,2022
234,32,JAWA BARAT,3209,KABUPATEN CIREBON,PEREMPUAN,5667,RIBU RUPIAH,2022
235,32,JAWA BARAT,3210,KABUPATEN MAJALENGKA,LAKI-LAKI,14423,RIBU RUPIAH,2022
236,32,JAWA BARAT,3210,KABUPATEN MAJALENGKA,PEREMPUAN,6509,RIBU RUPIAH,2022
237,32,JAWA BARAT,3211,KABUPATEN SUMEDANG,LAKI-LAKI,14161,RIBU RUPIAH,2022
238,32,JAWA BARAT,3211,KABUPATEN SUMEDANG,PEREMPUAN,10260,RIBU RUPIAH,2022
239,32,JAWA BARAT,3212,KABUPATEN INDRAMAYU,LAKI-LAKI,15003,RIBU RUPIAH,2022
240,32,JAWA BARAT,3212,KABUPATEN INDRAMAYU,PEREMPUAN,7465,RIBU RUPIAH,2022
241,32,JAWA BARAT,3213,KABUPATEN SUBANG,LAKI-LAKI,15458,RIBU RUPIAH,2022
242,32,JAWA BARAT,3213,KABUPATEN SUBANG,PEREMPUAN,8833,RIBU RUPIAH,2022
243,32,JAWA BARAT,3214,KABUPATEN PURWAKARTA,LAKI-LAKI,18455,RIBU RUPIAH,2022
244,32,JAWA BARAT,3214,KABUPATEN PURWAKARTA,PEREMPUAN,7913,RIBU RUPIAH,2022
245,32,JAWA BARAT,3215,KABUPATEN KARAWANG,LAKI-LAKI,16067,RIBU RUPIAH,2022
246,32,JAWA BARAT,3215,KABUPATEN KARAWANG,PEREMPUAN,9568,RIBU RUPIAH,2022
247,32,JAWA BARAT,3216,KABUPATEN BEKASI,LAKI-LAKI,17460,RIBU RUPIAH,2022
248,32,JAWA BARAT,3216,KABUPATEN BEKASI,PEREMPUAN,8716,RIBU RUPIAH,2022
249,32,JAWA BARAT,3217,KABUPATEN BANDUNG BARAT,LAKI-LAKI,13723,RIBU RUPIAH,2022
250,32,JAWA BARAT,3217,KABUPATEN BANDUNG BARAT,PEREMPUAN,4173,RIBU RUPIAH,2022
251,32,JAWA BARAT,3218,KABUPATEN PANGANDARAN,LAKI-LAKI,13268,RIBU RUPIAH,2022
252,32,JAWA BARAT,3218,KABUPATEN PANGANDARAN,PEREMPUAN,7379,RIBU RUPIAH,2022
253,32,JAWA BARAT,3271,KOTA BOGOR,LAKI-LAKI,17885,RIBU RUPIAH,2022
254,32,JAWA BARAT,3271,KOTA BOGOR,PEREMPUAN,9906,RIBU RUPIAH,2022
255,32,JAWA BARAT,3272,KOTA SUKABUMI,LAKI-LAKI,15618,RIBU RUPIAH,2022
256,32,JAWA BARAT,3272,KOTA SUKABUMI,PEREMPUAN,10384,RIBU RUPIAH,2022
257,32,JAWA BARAT,3273,KOTA BANDUNG,LAKI-LAKI,23491,RIBU RUPIAH,2022
258,32,JAWA BARAT,3273,KOTA BANDUNG,PEREMPUAN,16702,RIBU RUPIAH,2022
259,32,JAWA BARAT,3274,KOTA CIREBON,LAKI-LAKI,15869,RIBU RUPIAH,2022
260,32,JAWA BARAT,3274,KOTA CIREBON,PEREMPUAN,11634,RIBU RUPIAH,2022
261,32,JAWA BARAT,3275,KOTA BEKASI,LAKI-LAKI,22326,RIBU RUPIAH,2022
262,32,JAWA BARAT,3275,KOTA BEKASI,PEREMPUAN,14872,RIBU RUPIAH,2022
263,32,JAWA BARAT,3276,KOTA DEPOK,LAKI-LAKI,22791,RIBU RUPIAH,2022
264,32,JAWA BARAT,3276,KOTA DEPOK,PEREMPUAN,14497,RIBU RUPIAH,2022
265,32,JAWA BARAT,3277,KOTA CIMAHI,LAKI-LAKI,17158,RIBU RUPIAH,2022
266,32,JAWA BARAT,3277,KOTA CIMAHI,PEREMPUAN,10716,RIBU RUPIAH,2022
267,32,JAWA BARAT,3278,KOTA TASIKMALAYA,LAKI-LAKI,13921,RIBU RUPIAH,2022
268,32,JAWA BARAT,3278,KOTA TASIKMALAYA,PEREMPUAN,8124,RIBU RUPIAH,2022
269,32,JAWA BARAT,3279,KOTA BANJAR,LAKI-LAKI,16297,RIBU RUPIAH,2022
270,32,JAWA BARAT,3279,KOTA BANJAR,PEREMPUAN,7586,RIBU RUPIAH,2022
